season,n_legs,lifelines,expected_payout,worst_case_bets,worst_case_payout,gross_win_of_original_bets,gross_win_all_lifeline_eligible_bets,gross_win_losing_bets_post_lifelines,expected_payout_frac
2025,4,2,115784.73203333333,347.0,270172.5086,57041.19,158297.2828,101256.09279999998,1.1434840988979318
2025,5,2,24632.989833333333,254.0,86193.486,27062.39,133549.2147,106486.82470000001,0.23132429671680624
2025,6,"4,4",85114.899889508,338.0,191852.47996452,44722.799934,81122.025666,36399.225732,2.338371165260258
2025,7,"4,4",39221.371151205334,226.0,128337.11159591,28395.319967,88211.81938100001,59816.499414000005,0.6556948590345895
2025,8,"3,3,3",50279.89993392857,170.0,98892.6853,19382.78,110599.284992,91216.504992,0.5512149356998307
2025,9,"3,3,3",25577.154719760536,95.0,62568.99268785,10323.350046,109011.199887,98687.84984099999,0.25917227663758946
2025,10,"4,4,4,4",50201.737253968255,124.0,123141.866,12514.11,89641.49,77127.38,0.6508938492915
2025,11,"4,4,4,4",15939.698475494522,94.0,43225.011826149996,6218.560084,107037.37039600001,100818.81031200002,0.15810242578906222
2025,12,"4,4,4,4",41264.9858974884,149.0,102855.1052064,9630.25002,142067.371656,132437.121636,0.31158171808433094
