season,n_legs,lifelines,expected_payout,gross_win,gross_win_all_lifeline_eligible_bets,gross_win_losing_bets_post_lifelines,expected_payout_frac
2025,4,2,117676.44036666666,59826.19,164578.2753,104752.0853,1.1233804084152839
2025,5,2,26043.0765,28884.34,136344.3847,107460.0447,0.24235125318163953
2025,6,"4,4",85835.64988825799,45207.799932,83373.78513599999,38165.98520399999,2.249009148577199
2025,7,"4,4",39521.627137372,28520.319975000002,86419.479391,57899.159415999995,0.6825941436111851
2025,8,"3,3,3",50174.89993392857,19357.78,108935.784992,89578.004992,0.5601252220163819
2025,9,"3,3,3",25530.779718435537,10288.350045,108786.15994499999,98497.8099,0.25920149640236356
2025,10,"4,4,4,4",50216.67058730159,12529.11,88620.44,76091.33,0.6599525936437383
2025,11,"4,4,4,4",15939.698475494522,6218.560084,107433.230388,101214.670304,0.1574840724928448
2025,12,"4,4,4,4",41524.9858870884,9730.250016,142492.871664,132762.621648,0.31277618181709016
