season,n_legs,n_activations,expected_payout,worst_case_bets,worst_case_payout,gross_win_of_original_bets,gross_win_all_lifeline_eligible_bets,gross_win_losing_bets_post_lifelines,expected_payout_frac
2025,4,1,15637.461858333332,421.0,39835.3848,10003.56,83991.8273,73988.2673,0.21135056177120842
2025,5,1,13146.5024,295.0,39023.570999999996,7277.99,99699.95670000001,92421.9667,0.14224434806362976
2025,6,2,21474.92387109,345.0,50444.054492279996,10164.960084,76613.941446,66448.98136199999,0.3231791282713449
2025,7,2,12179.835657256,231.0,33239.41230764,5586.010073,61943.902006000004,56357.891933000006,0.21611588438644516
2025,8,3,12061.644321428572,182.0,30354.7575,5389.0599999999995,52603.000992,47213.940992,0.25546785690845664
2025,9,3,5717.974973850536,101.0,14400.87042519,1618.0300710000001,43396.98293699999,41778.95286599999,0.13686257269755234
2025,10,4,15275.811533333334,151.0,27871.247,2496.81,38928.93350000001,36432.12350000001,0.4192951183131922
2025,11,4,6974.2593902842855,94.0,18167.88710385,1457.259991,31583.052721,30125.79273,0.23150459318334043
2025,12,4,12429.117648428659,211.0,34198.7785326,2814.579924,57611.118924,54796.539000000004,0.22682304166014314
